MODELYR ,MAKE ,MODEL ,VIN
2016 ,Honda ,Pilot ,5FNYF6H83GB056458
2015 ,GMC ,Yukon XL ,1GKS2HKC1FR171292
2014 ,Honda ,Civic ,19XFB2F59EE008602
2013 ,Toyota ,Prius ,JTDKN3DU9D5593598
2015 ,Toyota ,Tacoma ,5TFLU4EN7FX131830
1995 ,Honda ,Civic ,2HGEJ1224SH507457
2018 ,Chevrolet ,Corvette ,1G1YT2D63J5500008
2019 ,Ford ,Mustang ,1FA6P8CF7K5180173
2006 ,Hyundai ,Tiburon ,KMHHN65F76U220978
2008 ,Mercedes ,E-Class ,WDBUF87X78B218470
2008 ,Subaru ,Impreza ,JF1GR89668L835501
2008 ,BMW ,X5 ,5UXFE43578L009474
2014 ,Nissan ,Altima ,1N4AL3AP2EC139325
2018 ,Nissan ,Fronteir ,1N6DD0CW2JN731892
2008 ,Nissan ,G35 ,JNKBV61E58M225587